Segment,TimeStart,TimeEnd,S1_RMS,S1_MeanFreq,S1_MAV,S1_Trend,S2_RMS,S2_MeanFreq,S2_MAV,S2_Trend,S3_RMS,S3_MeanFreq,S3_MAV,S3_Trend,S4_RMS,S4_MeanFreq,S4_MAV,S4_Trend,S5_RMS,S5_MeanFreq,S5_MAV,S5_Trend,S6_RMS,S6_MeanFreq,S6_MAV,S6_Trend,S7_RMS,S7_MeanFreq,S7_MAV,S7_Trend,S8_RMS,S8_MeanFreq,S8_MAV,S8_Trend
1,0,20,0.0033667384661210486,118.43836990855662,0.0026704091479393312,-6.470182972520607e-06,0.011470473127674373,122.87728691531834,0.010819516985626934,-3.5538150962018076e-06,0.01310999482872935,162.23145648588832,0.009129662411657271,8.543720575639859e-07,0.014291298527590741,98.91597699053585,0.012161935571349163,-3.441450202985682e-06,0.006931953275338447,131.8477211629236,0.005674853140633685,2.0962611306278845e-05,0.022468641576326047,122.05717666934193,0.02231342533550385,9.674265186126085e-08,0.012491281212430483,108.73515609457645,0.012109345850869533,-7.775048849196265e-06,0.021888447480570825,109.0581192114077,0.019959160267608987,2.145962009728039e-07
2,20,40,0.003225090491842879,117.62879891049718,0.0025659398094103635,7.793202583392723e-06,0.01150206610366004,121.20361463094795,0.01087379706571372,1.3208331194223295e-06,0.01320504919945758,156.6100742910694,0.009408141433392893,-2.685677316428155e-06,0.015563915459857604,103.2461759336268,0.01267429536628946,1.1902793807365906e-05,0.0065307917273294686,125.618280515659,0.005520225316656741,-7.48709279088352e-06,0.022453930260969816,122.82976460326326,0.022311685356362916,7.384919201443901e-07,0.012435677775396841,105.90769062443536,0.012122649692277148,3.5175453474527167e-07,0.020458801645304135,82.71111614053228,0.01971716752432003,-2.9499266184903695e-06
3,40,60,0.003204136438444895,117.67451027710614,0.0025567622672225533,2.835031775415611e-06,0.011519608369358607,121.46977046457587,0.010905107798292634,2.6999061049943213e-06,0.012947981935041339,152.88487283471684,0.00919926440341473,-6.942035569941379e-07,0.015535718481207534,98.84233874159516,0.012664531494937462,-5.026909371957164e-06,0.006468252411954408,116.42573486038299,0.005437150260075442,8.88222784328117e-06,0.022439974102136287,121.5276262832391,0.022279282096486004,-4.83646546849913e-06,0.01247469116750101,110.14309677124034,0.012136705527099464,-3.582802895854716e-06,0.020543705038815144,83.75839160073586,0.019727137736748064,1.3673160022913605e-06
4,60,80,0.0032855335749146144,115.56870657377326,0.002575476728211237,-5.923080778949818e-06,0.011770233788494103,115.12850706231387,0.01100544391105817,-4.111837642666511e-06,0.013782721376524395,153.7540957091082,0.009653607393289656,-9.219668208421577e-06,0.016394292971591173,101.12366030218644,0.013119173686718284,-3.880875368187696e-06,0.006806686168534933,116.80489334336444,0.005636030450665078,3.293501345881215e-07,0.02249936027075244,121.4646518122713,0.022295637601747072,-4.564919831953821e-07,0.012518824938910154,114.41283905131847,0.012183364645622394,-6.136567683575954e-07,0.020420512014501017,87.26074826198459,0.019685437923367084,1.692967817139534e-06
5,80,100,0.0031229719036113155,119.36132908206352,0.0024929214969227715,1.108752792805078e-06,0.011610432821228195,120.37591199768084,0.010930892940242206,6.594161569762545e-06,0.014143384264041695,152.3163625682194,0.01014886542783403,3.2757779068412563e-06,0.017278005085506788,102.26768845161199,0.013607619400436768,-5.277492372554942e-06,0.006399037889466407,114.62777843866536,0.005366957526305342,-1.9257030541614877e-05,0.022438339958903736,120.23279084600848,0.022288706221957513,9.311732111292236e-07,0.012459704811120595,110.71385625969215,0.012153633785983721,2.4387697607047465e-06,0.02041368333403118,85.54905283315811,0.019695454687313877,2.6456981440753657e-07
6,100,120,0.0033463517651606675,117.86215469887347,0.0026142547446994357,-4.323239782662824e-06,0.011965305597042484,109.69208456065363,0.01102446618756452,3.5709954319617676e-06,0.012410709251970187,147.3536510153201,0.009044052215516556,3.1162582218406434e-06,0.017613874935793732,101.18862410146073,0.01378174604542206,-6.006275806012934e-06,0.007679874572869789,141.71306789504803,0.005880763197808306,8.397768268547988e-06,0.022436659528365887,122.27413384307944,0.02228403549193997,5.02902340501951e-07,0.012457764859395652,104.32408608892204,0.012134910640832207,-1.2854570717903015e-06,0.02040401890899137,81.98785157570144,0.01967203276026364,4.3032024366850147e-07
7,120,140,0.0031998301278992223,115.72909890068482,0.0025469719912646414,1.4392430411997101e-06,0.011914545980632577,110.93100838310052,0.010985402370458607,8.09597442404605e-07,0.013016519745354756,147.69500960589866,0.009346054040103238,-6.794707333159145e-06,0.01799082148198678,101.79550505146337,0.013964224800476474,3.987771693656697e-06,0.0064424366555612175,116.2336786077974,0.005443068429620806,3.415911488437162e-06,0.022447709458055028,122.5065649141085,0.022300775707762555,1.6017425353621715e-07,0.01240526696174247,105.8039880535196,0.012060901552511414,1.0756480275343397e-05,0.02042608173619702,72.63656551224804,0.019700557438951757,2.179444311244688e-06
8,140,160,0.00329452474958118,112.55557661517278,0.0026195038514989083,-2.0124020909165004e-06,0.011897785266031455,107.98112693070112,0.010997372281119713,-1.2082987437620316e-05,0.01302508025787847,146.13918791726553,0.009411294484812387,8.379126843486088e-07,0.01859982834975229,103.78999693804562,0.014373674556283501,2.4945967927178715e-06,0.006517836499634144,123.88742628565672,0.005418988822711932,6.434188791498733e-06,0.02244504777496952,120.9603574072819,0.02230275486599166,7.37752621060614e-07,0.01247225254132967,96.31246862222461,0.012102435945999603,2.3007236495782863e-06,0.020450515107335684,67.98669587491526,0.019676517280127058,-4.147619473593165e-06
9,160,180,0.0034369400113815223,114.18793638749933,0.002708590629342863,1.0821194781371252e-06,0.011978375213401107,109.76262547968577,0.011075075711733174,2.08771497724566e-06,0.012676866661059582,145.68419181376413,0.009175072233472305,4.454780156657224e-07,0.018221491687182897,103.53087104835245,0.014053297887631527,2.2202278813518884e-07,0.007197469428736064,119.40614627519042,0.005775181683541791,-3.5879803959976383e-06,0.022550904602718712,115.048126946632,0.02230312191780822,6.504193702448585e-07,0.012502372051253706,97.9380161674027,0.012138571721262658,-1.6735168767498458e-06,0.02049284791261764,73.45572049024109,0.019676423744292237,-1.7859564669939275e-06
10,180,200,0.0035575556447968717,115.77398650038432,0.0027700387016081,4.552148196202511e-06,0.01196735418474606,109.1237241462241,0.011085719253523923,-6.894967905864434e-06,0.01197695766655154,145.65688617965893,0.008749467139170141,6.8548282187300624e-06,0.017937289926182078,100.50286609381386,0.01396158591621997,4.692639409103927e-06,0.006413234168982766,121.23940712474943,0.005411677605717688,-4.442757022491637e-06,0.022433541762836812,121.97588510478815,0.022286526440341473,-3.320821829582915e-06,0.012549453588782476,99.8345361244478,0.012192915433789954,2.5058315210102187e-06,0.02051535111293441,71.91820344542722,0.019723016767917413,-1.0248134293826313e-05
11,200,220,0.003630168456931057,114.5960900555279,0.002841764539823712,-4.130177094092541e-06,0.011950250898999119,110.1720411612742,0.011075329043913285,-3.6652931610076597e-06,0.011851554788399851,145.21311871948137,0.008631859969824506,2.0147073567907027e-06,0.01788402353029502,102.68503262806726,0.013983817156356708,2.520851098013461e-06,0.006669947363741917,128.54945596430434,0.005519066084332566,1.1409149249656034e-05,0.022442258254115912,120.6986446694555,0.02229743752481537,-1.6227138391329438e-06,0.012532922176751752,94.36448317782529,0.012147793250218376,4.791162790481467e-07,0.02056724463720142,69.47483580765186,0.019728744004605732,5.0770544145139306e-08
12,220,240,0.00355200597241685,115.43119865863453,0.002782281897955132,-1.359233511678241e-06,0.01200964244624596,108.93441655804695,0.011123387941234861,3.6503871037768606e-06,0.011857812498931804,141.45254403992112,0.00865580879491761,7.842549451401382e-07,0.019089853054879584,103.70760591528436,0.014657268600357357,-3.071431385909501e-06,0.006974615044343694,127.42094885258344,0.005687681342068691,-4.187922543087432e-08,0.02244248485171755,115.46891488495167,0.022281401695453642,2.7655874160172153e-07,0.012527618392939536,109.6500716661079,0.012139264665475482,4.4643583706513033e-07,0.020494820834324724,68.26040186210611,0.01968872661504864,-2.330409238884658e-06
13,240,260,0.0035948172544364096,112.42922652258888,0.002819210970815962,2.948329577738685e-06,0.012008403660383074,108.40529090450707,0.011096922422076633,-9.627786353295172e-06,0.012328887798993401,145.44514483778227,0.0090004316855271,-4.4878082774427965e-06,0.01914946494353584,103.88611702863628,0.01465662194560254,-1.7251404872069618e-05,0.007387073646056795,133.4525931918035,0.005802306817550129,5.813958427952489e-06,0.02239712002903344,122.0530811269047,0.022244226313281712,-2.353171699287513e-06,0.012493184614065943,96.89763025564362,0.012118497764542385,8.0099424545885e-07,0.02050270342886942,67.80492703360022,0.019711659757792335,-9.552507351747299e-07
14,260,280,0.003541571523792423,114.84063889865213,0.002744826575342466,1.7173591057403422e-06,0.011773863245646807,112.16437939816771,0.01103274901330157,1.0874164311070022e-06,0.013137384406206917,150.4037522140759,0.009312537319833235,-7.060527507152875e-07,0.01824993854557843,101.97477636397906,0.014051492042882668,-4.928430073884946e-06,0.007067334796553208,128.28640246307097,0.005863469013301569,3.1822073596448787e-06,0.022385749528953464,117.5611441108738,0.02222592511415525,4.340356413087889e-06,0.012472583087591914,101.18761001458383,0.012106494564224737,3.265408396473691e-07,0.02052594892661945,69.87476794255247,0.019699456811594206,9.991854757533545e-08
15,280,300,0.003476218093482061,112.00940783301701,0.002736248993448481,5.151182527475602e-06,0.011721708826679667,118.95806361087494,0.011044052733770102,-4.9402255154664365e-06,0.015152761873489368,152.28540841270356,0.010538467849910662,1.5337091753476183e-06,0.01934654398375701,106.7547133671579,0.014785969366686517,1.5771025256635276e-05,0.007838938953346647,143.4144626427794,0.0061696098511018465,-1.0064192517702877e-05,0.022420869227769223,122.11169423336236,0.022267765749454042,-5.450382360601702e-06,0.012495148334394043,96.05692386605799,0.012082495517172921,5.083349563242701e-07,0.02067312295236955,67.9084270627244,0.019737871304347825,5.263947499193969e-06
16,300,320,0.004095829953241536,114.87521290027628,0.003038585257097478,-2.816566073350893e-06,0.012201651155769986,106.46455998798233,0.011129572312884653,1.579394848441967e-05,0.012591562516897302,148.39677104454148,0.009089197935278936,-4.967571641523383e-06,0.018811529875904072,105.46487891545084,0.014385697379392496,-6.069696653224547e-06,0.007550122247440791,138.86311550682282,0.006000247448878302,-6.125668126601568e-06,0.0224003562059342,123.3437627462444,0.022247685372245384,-1.6596153738863924e-06,0.012494427632674644,94.4793939418202,0.01209094592019059,-3.343636587871613e-06,0.02069734762986619,69.23184269492737,0.019748014953345244,-4.971833892209033e-06
17,320,340,0.0040664089134132535,113.99639247889519,0.003127158912050824,-1.0201468255223283e-05,0.012069617162955045,103.65422417174098,0.011104966912844946,2.0785106273305006e-06,0.012425973808521932,147.90910722926475,0.008853675493349216,4.3615793428411415e-06,0.019678947078941373,105.77420366778055,0.01489047805439746,-1.4816408596488783e-06,0.008481966139113296,147.94049268916288,0.006386438177486599,1.5706365613347687e-05,0.022429379232460987,119.08567000326393,0.022261321060154857,3.421265472416565e-07,0.01249732423823255,103.74267279748844,0.012085914417311893,1.478473045128941e-07,0.020746494071059537,71.57727700570726,0.01979144859638674,2.0379978003796155e-06
18,340,360,0.004264182844014502,109.35092849954555,0.003265684240619416,2.733940369072894e-06,0.013602059730361006,113.73096876678515,0.011584154500694858,-3.3393693628408626e-07,0.011068296254592798,141.196046527382,0.008012621957514393,1.1966593355817603e-06,0.01805045987477682,103.40700692787308,0.013989790383164584,6.531555516508269e-06,0.0066458725867036324,121.30077286210236,0.005532321496922772,-2.3203448376915185e-06,0.022413070250055307,117.10130382563835,0.02225008418900139,6.259927009737908e-08,0.012555168840932836,99.1680013522699,0.012153840758387931,-3.827170124469475e-06,0.020638210841100717,74.52387608219458,0.019731647186817552,5.45733562802339e-06
19,360,380,0.003997911545402924,110.84362927243258,0.003082519209847131,-5.160230740563522e-06,0.011873791727183064,100.14505524934115,0.010926347159023226,-1.5560744721540976e-05,0.011707391935433454,142.19396654915607,0.008440426829461983,-9.637584640423225e-07,0.01938456582449801,105.84319306325779,0.014740290085368275,-2.1723591714329037e-06,0.007061422772509261,131.04061367622626,0.005786598614254517,-2.3481515187702555e-05,0.02239331490839057,120.75255561592398,0.022237921540599562,-1.3727452239039784e-06,0.012464538640647354,100.23694643806489,0.012091552451856263,-3.4895731667091807e-06,0.020509290492447933,69.5203399833154,0.019721576791741115,2.6812774689335917e-06
20,380,400,0.003824650194585879,107.38009699658369,0.0029913929045066504,-1.1828319571702393e-06,0.012142886326970815,101.15847096497887,0.011181217244391502,5.773132655808185e-07,0.012322785296561063,144.2974768040011,0.008807755787174906,-3.1156922110959183e-06,0.019718861666786745,105.69612339445908,0.01492372833035537,9.913947669311498e-06,0.006684937868140002,120.9089888650121,0.005593469696247767,6.852118413738112e-07,0.022385997493797664,121.08968675082477,0.022233116259678377,-1.0626598119018311e-06,0.01249572839577587,99.34634526748891,0.012089839757792337,4.8307241053211e-06,0.02056356187413699,67.3270430527275,0.019707886785785188,3.35815567498282e-06
21,400,420,0.003523079483508444,105.84494948270797,0.0027856808933889214,4.392440360927252e-06,0.012170777778214953,100.71093407369933,0.011146780635298788,-6.030512764912417e-07,0.01307415624536244,148.00651484782125,0.009260392705975779,2.797964623160853e-06,0.019891464983682206,107.08477818202016,0.01498897527099464,2.274571845202499e-07,0.007346502778204657,131.35133864551995,0.005970310025809013,2.2440425116094506e-05,0.02239998629615512,121.74413188935053,0.0222399679729998,1.6266648821628528e-06,0.01243120912291126,99.56855767788574,0.012036555731586261,5.226563407949368e-06,0.020564469677945618,69.0542014101786,0.019731566853285684,-3.5445626760679977e-06
22,420,440,0.0038621226170580366,108.77379614268841,0.0030012640792503775,1.0208066120899978e-06,0.012203763585738821,100.62022885119111,0.01118326565155245,-1.7813147266895662e-06,0.01273670529119933,144.5919458851123,0.009112928924799492,-3.1376086027792935e-06,0.01950866225970543,107.01090858320325,0.014667343008020329,-3.605244660225855e-07,0.008526313651061431,140.4242161899097,0.006536666354323831,1.4054573085922167e-06,0.022461769456806828,118.55910980663762,0.022293339029619625,-6.471693619563813e-06,0.012496281330444592,99.95647532279136,0.012078596521877235,6.23783448095387e-07,0.02063128586625691,72.93592651285783,0.019728623882315572,3.0222992858417882e-06
23,440,460,0.004071315112050171,111.88204262335998,0.003140788246972404,-6.8867169797681085e-06,0.01219613060683279,100.70463009477164,0.01115391194361723,2.1054323084622747e-06,0.013934124424464275,141.6723714609371,0.010049822314869962,6.4544723068640565e-06,0.01880157567420099,107.22097484326717,0.014341643855469526,-3.5600249482214827e-06,0.007574988800188574,143.5560241646475,0.0059876712686122695,-2.0976795021101425e-06,0.022388590288941874,121.37169996012749,0.022241253917014092,-8.999461473726237e-07,0.012482170992102129,96.0222018759525,0.012073631340083381,4.068127583823065e-06,0.020645156389006877,74.75250187806425,0.019695824252531267,9.595627654012097e-07
24,460,480,0.004132851914056117,110.57946768555918,0.00321228790501906,1.2806402086524121e-06,0.01224459227364781,97.39300659099057,0.011160759760165184,2.7579118201299387e-06,0.012538315457959592,136.15909828599757,0.009136186872617535,-8.803646408490637e-07,0.020495850111392787,106.6066088956515,0.015226787853398982,9.589388378003585e-07,0.008007370417511789,143.25589592686154,0.006209717673919949,6.347745093946744e-06,0.022420450093161848,119.8689717188002,0.02226291129288437,6.053263060211777e-07,0.012479006910196754,103.01022988772382,0.012012839989675984,9.478770027770418e-06,0.020559057299101364,68.25219609929543,0.01968005014691868,-4.664778233863424e-07
25,480,500,0.003982929202963235,109.21630968510954,0.003104639205876514,-1.961772506936378e-06,0.012327474421249965,98.59937157084036,0.011206222632519358,-3.617942091965768e-06,0.014320379066462179,139.19282031269063,0.010347158995433791,-1.8071528965075447e-06,0.02223913546293605,109.55060992848556,0.01637105027595791,-5.359599270967146e-06,0.008620745275255878,152.15177703922865,0.006509380774270399,1.2767626722740285e-05,0.022421824118962513,122.17135673355048,0.02226902524518563,1.967169583788412e-06,0.012453795111098231,96.86350813379374,0.012024399452054796,-4.722948985767478e-06,0.020501388117265085,68.29143295726718,0.0196344161048243,2.8623563370511786e-07
26,500,520,0.004650985378305867,117.13693293613645,0.0033264713826238884,2.711665889531457e-06,0.012211054616451493,97.99067701902898,0.011102401266677255,-5.126938292915509e-06,0.013716831667701922,135.00375759692756,0.00995248022156925,1.9745197939197673e-06,0.022060990300583058,108.33126781868731,0.016255690859275727,-1.8731936177183245e-06,0.009001933822499591,149.63119656055338,0.006508486058608641,-2.3640011073908023e-05,0.022625997397435507,113.0225375543317,0.022371182532560357,-1.8510926041197302e-06,0.01244706675730505,97.86470123275124,0.012039413111499366,2.4007596626140984e-06,0.02067839038285015,79.77818096761956,0.01974206824968234,3.962810667139727e-06
27,520,540,0.0038537087102775746,106.88217051575764,0.0030210906690490372,-7.444673729151808e-06,0.012230089509403675,98.3256055444727,0.011157743970617431,2.445679302317575e-06,0.013731179608907193,138.1534439908487,0.009949492273178479,9.734699797759539e-07,0.020483756829654042,104.59782355400597,0.015337409608894185,1.0177696956358853e-05,0.00810579468925941,138.7210101582007,0.006136019833234068,4.686990253473748e-06,0.0226148870652961,107.70539960049581,0.022355772261266626,-3.8053265211139536e-06,0.012523962016794224,102.71505467317374,0.012103275592614652,1.1021738930067655e-06,0.020482745905001945,71.48430871908069,0.01965031176096883,-2.0174940920877966e-06
28,540,560,0.004570322927984684,112.05083209683133,0.003530638517430318,3.098910691781256e-06,0.012246727992246534,99.30034868658454,0.011107990780592393,1.7238771620095815e-05,0.013440678018650882,135.4257862795413,0.009844166783133487,-2.597914126530094e-06,0.02094662940172152,106.37493197296939,0.015516985579290082,-1.2212870430568952e-06,0.007711948236608752,142.8546622299218,0.005995237667751925,1.2223471363121084e-06,0.022440350308833932,120.87258729049006,0.022285161959024854,3.0735093406432935e-06,0.012516346726896744,91.79069691340716,0.012066481021202254,7.032120623900792e-07,0.02090661643940529,78.06114987358298,0.019799385916779162,2.297125360760245e-06
29,560,580,0.004068810310885314,112.99000082892042,0.003181749259479849,-3.570509750813441e-06,0.011795231564933206,106.0321102424702,0.011009909565217392,-1.4753787171241975e-05,0.012995218315704188,139.63476158127168,0.009308505161802661,6.688616099756349e-06,0.020155335783441752,104.94359442380512,0.01511974237839984,1.6563336510892448e-06,0.007999631386679444,145.51968603024608,0.006156886805638276,8.050569072941498e-06,0.022435456339759553,120.18441694504862,0.022268725892396268,-4.471055418458161e-06,0.012575470376658474,97.80574395969383,0.012107574492753624,-1.2740467800411998e-06,0.020676296267955488,67.31320243193403,0.0197291135993647,4.017912821219333e-06
30,580,600,0.0036960851095649175,111.11201521814883,0.0028995003454437168,2.2082512359857985e-06,0.011816607058506193,107.742479399817,0.011064179726027398,7.040186722912096e-06,0.01230975911350537,137.9158039763085,0.008964729112567004,-1.5881954567146336e-06,0.019576980106711002,104.69764563897277,0.01481869301171332,1.0553297689238456e-06,0.008681793045533435,148.38298402464335,0.006473464995036728,1.0651867244777245e-05,0.022418912155400962,121.18475925573208,0.022248051391701405,1.6639427217345577e-06,0.012532389430722305,92.68831341164419,0.012104128771093904,1.625068621776325e-06,0.020754290897241817,70.90346480359207,0.019767481762954137,-6.74115651370235e-06
31,600,620,0.004860696846349867,105.41062726667653,0.003653121878102045,2.596032666375448e-08,0.012900950716602574,103.28559627753162,0.011519894131427436,5.313304650617064e-06,0.013578234620702302,136.28000376154696,0.009831980627357554,-5.986377447806351e-06,0.019910878579611553,105.35904869494262,0.014865052642445899,-4.30650562948045e-06,0.008886746754025673,154.74926133733965,0.006567243101052214,-1.2845132958404914e-05,0.022446041969929956,120.89214129207251,0.02228959903911058,-1.0390044249424346e-06,0.012525467625725827,94.99779710743884,0.012085154599960292,-3.496467750414723e-06,0.021005986299454098,82.20547340997088,0.01983870074647608,-2.7595274393063063e-06
32,620,640,0.004698954401210629,100.65864988631807,0.003451402128250943,1.9666053638313593e-07,0.012885662077416907,100.04792927938458,0.011490309573158624,-5.237494219630906e-06,0.013997336096168168,138.59165340839954,0.010225595739527497,-7.96010968115459e-07,0.019673483985468823,103.95069752911769,0.014859334524518564,-1.4717994458342752e-06,0.007766227198101487,147.9853317318076,0.005931021155449672,4.195423226343184e-06,0.022449530973576257,119.1939056295265,0.02228682663490173,-2.7234134925371674e-06,0.012454723839780071,95.61075916776014,0.012038601703394877,8.409637098915726e-06,0.020696281437195343,66.69936535358038,0.019736191629938456,1.529463523200876e-06
33,640,660,0.0054216462809994264,98.70346254677186,0.004015127404113397,3.837559401482746e-06,0.017604035997445956,113.71767347081699,0.013244384106249505,-2.4289209140447572e-06,0.013827499275592157,134.21588895396252,0.010082811827999683,-1.6257642857920653e-07,0.019504489816900315,105.32350998436901,0.014858531219725243,1.2848259672348442e-06,0.007947742611557774,141.87520527573363,0.005971231716032716,-1.0344648190235432e-05,0.02242848440076023,121.72025056033301,0.022267934924164217,1.6618426657649368e-06,0.012501258410992512,91.64419302255497,0.01205877049948384,3.3832922996885022e-06,0.02066619699744572,66.41273834194426,0.01971316869292464,-3.0126125279907808e-06
34,660,680,0.004852514876295287,97.92998677269081,0.003598098344252531,-3.4559243891681683e-06,0.017798008750927942,114.2549479457283,0.013226029533452451,3.4431182978842815e-06,0.01381875865584865,138.53809918670564,0.009995425328568591,3.501968757843381e-06,0.019955180223995554,105.41054458032474,0.015061759654556283,-5.032877049621961e-06,0.007979663629404981,144.34878945833015,0.006092106186221957,-1.121031638686338e-05,0.022434055701682897,120.8912005391181,0.02226721921778837,-1.643763299442632e-06,0.01257235845790706,101.62902996976578,0.012098523918999403,-7.6293896016613574e-06,0.02083735960619292,69.61414201859094,0.019765335882469728,-6.197812668702934e-07
35,680,700,0.003728925364868487,103.3333946301814,0.002949811979352789,-2.9042996147786767e-07,0.013869331571522037,112.39766041567405,0.011681731959499703,6.589921394670179e-06,0.01428840105533535,145.83478122666452,0.010340448123883265,7.715973384827312e-06,0.021759033242191,108.26315675005404,0.016194297311891998,2.4855879862895635e-06,0.010110733224106794,150.86301683178758,0.0072142420488385955,1.2307687815444076e-06,0.0224364850749882,117.85107125611799,0.022250338018661903,-2.6111562132780995e-06,0.012451198934726017,91.76961095530255,0.011993655358348222,9.510359173638628e-06,0.020703198918992107,65.95333795103318,0.019710478816756003,6.816879291060164e-07
36,700,720,0.003656387420895704,108.09645369859386,0.002899213750248164,2.602972871329124e-06,0.012136104590584137,107.77934882495721,0.011202251074052016,-4.473325823264493e-07,0.015549815651493116,153.38652484290952,0.010798176438356165,-6.001674048482587e-07,0.021299381933411684,107.61671156946286,0.015966339388524913,-1.9651569244738305e-06,0.00852664219084202,144.9260714976021,0.006437322696049236,4.098399649995365e-07,0.022463459702105098,123.9103718222531,0.02230321486996228,2.0703627677936934e-06,0.012514474044313802,99.32378538723515,0.012060495370260075,-1.223679461946402e-05,0.020699239958499698,67.85373583647264,0.01972538760373238,2.2971997118303063e-06
37,720,740,0.003855945798373216,110.35900761396786,0.0030247295771292436,-7.480544631134742e-06,0.011889038310663702,110.79751606441074,0.011114671300377209,1.3908812981765853e-05,0.01325953815624574,148.57809382477637,0.009534823970617431,-3.066511492356398e-07,0.020937187955367198,105.69907729254507,0.015616912015088346,-4.680064728954217e-06,0.0066513225648353125,125.95210818900486,0.005475464848123883,9.518904513450872e-06,0.022428212262240056,122.20070242988413,0.022278202588842565,-6.723154535290509e-07,0.01253762948636158,95.35594610346267,0.01212704199324995,2.0648040384278124e-06,0.020711902981599733,67.74508123466605,0.019712558209251538,2.1696323653262254e-06
38,740,760,0.003716040572804748,105.86867797073496,0.002947595410148495,4.961706932160564e-06,0.011982049491127491,108.0318714235162,0.011150277586754544,1.644153483738498e-07,0.012507816839345053,146.87267921180674,0.009054089287699517,-8.875894061549884e-06,0.020167971069680313,103.36830565632349,0.015147172143254188,4.338480786026345e-06,0.00875457926267736,148.32375150323156,0.006425417263559119,4.4202703356314856e-07,0.022433792866798374,120.67777816498361,0.022264935678551576,-7.226266089502214e-07,0.012607727183195935,89.69718030053923,0.012147353775907248,-7.989190252288565e-07,0.02084741142042907,68.65954835807587,0.01976660989438577,-1.3366738627811993e-06
39,760,780,0.0037800851747529624,108.36672963979062,0.0029729851379789556,1.3029902519901889e-06,0.01200054495033611,105.12794461730853,0.011119989402422079,-1.6548732352482995e-06,0.01150376191328833,141.9771922929403,0.008490465364304148,-1.1641949977108912e-05,0.01998725142082627,104.87196777609932,0.014986789144331943,2.6119937457366605e-06,0.007898134262532403,144.89144827965146,0.005930761250744492,-1.9738598906165814e-05,0.022432708598926713,120.22093350889959,0.022266393114949372,2.4902012125779556e-06,0.0125400366304868,91.90205667266011,0.012101383049434188,1.138113593076711e-06,0.02077341429917939,67.64090343092305,0.019746334556283503,-2.0633041355426738e-06
40,780,800,0.003909032243488675,110.39801070818972,0.003074314786579313,-7.007026222048109e-06,0.01174474821202046,113.38239660872854,0.011062953805836809,-1.2468694116860749e-06,0.012247679520216397,147.28546573862744,0.008819432463768116,3.994659757870396e-06,0.018062466185557534,102.47231973274042,0.01403479035537026,-1.1764992579574154e-06,0.006212167585402735,117.68506525459763,0.0052661876831447295,1.2420501552184216e-05,0.022412358813949596,122.6561867043457,0.022263207143140756,-1.3725182117989887e-06,0.01251826232407713,99.45728191358211,0.012080369422275163,6.038265704474869e-06,0.020768770434383667,72.72562382678275,0.01977704588842565,-1.2398140320538853e-06
41,800,820,0.003600712682294601,109.51706215473577,0.0028458958743646755,-3.858368018007375e-06,0.011770258803484781,111.8332913467438,0.01104899000952986,2.19757537382056e-07,0.012999882096860161,145.37014730891923,0.009216865077033037,-2.827930387770512e-06,0.018230617529296275,102.68822382296689,0.014137294782401524,5.591686471907887e-06,0.007017385646120205,124.90854442448754,0.00565312288754765,3.389640111075643e-06,0.022454840443462597,118.40696969783642,0.02227717461880559,-1.900001723600852e-08,0.012550506533821445,94.5779237921242,0.012107268908831004,-3.829956441753063e-06,0.020705726363620156,70.06699039045628,0.019737094945203305,2.5950209047737525e-06
42,820,840,0.0035065219499013497,107.78066846101913,0.002786020794123486,3.3899645695686868e-06,0.011800093384538213,111.22703286336379,0.011047038280722652,-1.366157066157545e-06,0.01339667430910725,145.5579710488248,0.009458439876910859,4.585791539313519e-06,0.019518073752104504,104.56768565117422,0.01488340749652571,1.82229997283663e-06,0.009499397789350756,145.89182760058654,0.006868166611078022,8.392654546654966e-07,0.02244586505311697,121.27485255684246,0.022284060516180263,4.024853466831e-06,0.012521075090611754,94.29007262165156,0.012105555294818344,-2.015556202933433e-06,0.02049728511908711,69.19495612852434,0.019681875552908477,-4.43692603499421e-06
43,840,860,0.0035414082010416987,109.73428766617108,0.0028076943736351,4.305156696736534e-06,0.011807621157257723,111.29369642322166,0.011100748775064522,-2.4721501796060754e-06,0.012156698610561283,145.77630393925028,0.008585189354774668,-1.598626750002459e-06,0.018689055258201175,102.41930918938705,0.01426384718681755,-5.950767143087262e-06,0.007938682145582503,135.70019710855752,0.006078417339686322,-2.445647997040758e-05,0.022510264814616876,116.14368549875174,0.022315890577724838,-4.463495838220143e-06,0.012483240356271361,102.21374997932426,0.01210694775858646,5.902113071082048e-06,0.02039470534681798,70.96429943541649,0.019643268135795117,4.695629585688248e-07
44,860,880,0.003908397822694347,114.79607629453068,0.0029132269633923608,-5.746966698300978e-06,0.011839098194772244,113.85134418757144,0.011099395044866196,2.9115635732935783e-06,0.014078451879452848,151.428662948397,0.009872309608512667,3.259599701521781e-06,0.020295933223537763,105.59919254897397,0.015280286714841579,8.160009344772382e-07,0.007377649577315977,133.44142823129556,0.005599411744620027,-3.7749367875493604e-07,0.022467325691673572,120.51760336003443,0.0223066475224331,-1.1389117507468695e-06,0.012442888389806749,97.55618677123071,0.012057517243706822,-8.397726547748979e-06,0.020498143164026372,71.65195063853311,0.019689231481775586,3.6222996920749562e-06
45,880,900,0.0035214148618971657,113.97380609692297,0.0027234459440142944,5.870633633323866e-06,0.011844599702778317,113.89576625796424,0.011089632189795516,6.34196981879194e-07,0.015132303531735915,148.6979596252949,0.010528850470518167,1.5478464862734969e-06,0.020370363655865323,102.47876947422547,0.015361481107802265,-6.263899844013416e-06,0.006462353921814446,104.00257171011627,0.005354894508636093,5.150553077980323e-06,0.022479579205268614,107.9773072762994,0.022276049041095893,1.6310814441907183e-06,0.012481467531966372,93.4060357117327,0.012054777184832242,5.669638575569894e-06,0.02018725174098906,84.38458267450648,0.01971419356362914,-1.4511014247355438e-06
46,900,920,0.003433719005466332,118.23467004550938,0.002678033023625174,-5.751026809967387e-06,0.011788058496897609,113.45644725876163,0.011068152209648602,-1.6912573284285168e-07,0.014185454829742606,146.11529459174818,0.009880105868572563,-2.022318435035712e-06,0.019780059215441938,97.24640899353739,0.01501846460988684,-7.415171782710662e-06,0.006940371972588386,108.41029040323477,0.005575595191582292,3.873790976862625e-06,0.022598305345407375,106.60848457993427,0.02233051270200516,1.2350209616673895e-06,0.012451540778578192,95.25296709496035,0.012023919737939249,-1.398754570216172e-06,0.01999015618277758,99.14929625754651,0.019689724284296207,-1.3430690425296048e-06
47,920,940,0.003540261657573038,120.25237927619854,0.002721673154655549,2.014399374197993e-06,0.011693554310622084,116.35147547198189,0.010964209803454436,-3.595533265254657e-06,0.016795275736983598,154.98486449368966,0.011677363990470518,1.6703627284055562e-06,0.01985333021873427,101.10120304187296,0.015226868989477862,-2.588475844595964e-06,0.006619403913146125,112.98287936683744,0.0054483531983323405,2.0287441846097743e-07,0.022487361017789902,107.97663008642347,0.02230362071074052,-3.4311730748789405e-06,0.012459886161973651,101.95717363360745,0.01205597001786778,-5.6754893868525644e-06,0.020034403235917254,97.55677154453086,0.01967909302759579,-4.010552486378192e-06
48,940,960,0.003307478395216258,115.02033257950288,0.00263202646019456,2.2984932412706554e-06,0.011861259546420377,117.73506564452761,0.011126754564224735,-3.186658912648369e-06,0.017832860848984406,154.7464919155708,0.012376786420488386,-2.9263721805843997e-06,0.020608944427266247,101.89984341827443,0.01548573016875124,1.5417998001072294e-06,0.006765052271703998,121.36550796088117,0.005432857589835219,6.704323385412767e-06,0.02247832402264437,108.34113357216451,0.02228094118324399,2.1543466604260022e-06,0.012456985720823465,98.96766932971094,0.012075471002580902,1.9036817628800122e-06,0.02007090265145076,92.7722877196228,0.019693394921580308,-2.854992112403776e-06
49,960,980,0.0032762421833649894,117.19640635678209,0.0026015457873421743,-8.123421168514518e-06,0.011500176977095405,114.68674394757346,0.010749300651155402,-4.374831227145427e-06,0.017588930131659863,155.30134845054488,0.012179995465734934,-3.691242887318044e-06,0.020944809147831138,103.329999362227,0.01584821815294211,-6.7135086606827795e-06,0.006206530139174361,101.54409640121322,0.005281460124672438,1.3971755965878576e-05,0.02250248027535334,106.92113667087304,0.0223195159334551,-2.547177708279928e-07,0.012529434063644282,98.80003882362244,0.012118243250218376,-1.0622267115905652e-08,0.020231715802899192,94.7977795114258,0.019798137890097673,-6.758321373703663e-07
50,980,1000,0.0034028384356363252,117.1558226977703,0.0026448026285487394,3.040943719078946e-07,0.011831678748811162,115.3801670368197,0.011067605276950564,4.148769885844437e-07,0.017573133578245494,157.4118329424779,0.012112806277546158,6.783206073854746e-07,0.02191020141915726,104.15141462254952,0.016294825868572563,-4.556588545210949e-07,0.006317114320450333,102.54807144447265,0.0053602861425451655,-2.4030972448465447e-06,0.022436603062187945,111.54227699599183,0.02226321999602938,-3.6846264340713107e-06,0.012486293381620947,113.4519134915864,0.01212354275163788,1.470626206061427e-06,0.020086205871415047,87.00786077608738,0.019708055211435378,-8.468762727919671e-07
51,1000,1020,0.0034212762435897742,119.16297467267343,0.0027052715505261065,3.362039808872935e-06,0.012028416055104086,116.58315371729657,0.01116358959698233,-2.9760145652280257e-06,0.019660238942909018,156.8526796501704,0.01350148029382569,2.1899362910317544e-06,0.020824067833176488,103.99659168882714,0.01576638555092317,-3.7645808051095443e-06,0.006321091558454859,104.69334635091562,0.0053987017311892,-5.999104616840215e-06,0.022491946104262604,105.70584584866023,0.022295636458209256,2.7594678076378508e-06,0.012708468846719457,82.10347528626178,0.012072465650188605,1.3769575904058232e-06,0.020032439847516695,110.72690957840493,0.019727481691483025,8.728933812521208e-07
52,1020,1040,0.0033876107295381904,120.97510555325053,0.0026789060671034343,1.9630787796760718e-07,0.01197950323527119,119.0976437363687,0.011141163295612468,-9.763914048316437e-07,0.02105910379033039,157.56214047887477,0.014369304959301173,-1.5461593076383516e-06,0.0210660787334619,104.50465728514214,0.015967638201310305,9.927338139620414e-07,0.0069787599658104205,109.82963806150472,0.005711007802263251,-6.040097654542385e-06,0.022549226334898576,104.67329619065595,0.02232146821917808,1.497277578697209e-06,0.01274012939271758,80.77179959635102,0.012060442449870954,4.085648931996263e-07,0.01997942099440505,116.29875497344041,0.01967933720468533,2.3230575219452043e-06
53,1040,1060,0.0033787794485491437,119.90286706891716,0.0026779462735755408,7.691627635539059e-06,0.012063308159923273,118.30701332257382,0.011185276537621601,5.714083366109224e-07,0.02038130743611861,156.21927208349652,0.013964514000397062,3.0752543226196765e-07,0.02145105941287342,106.20026424820767,0.01608960798094104,-1.209258012847551e-06,0.006242877833139272,105.15677004845116,0.005271092892594799,-1.9042533740102393e-05,0.022524072107558288,104.62860039582947,0.02232622635298789,1.7688497545834765e-06,0.01269906597044198,80.96765264557503,0.01203492316855271,-1.447199520512549e-07,0.019921883428920074,118.85750359952405,0.019709228552709946,-9.706103302479728e-07
54,1060,1080,0.003247222300778592,119.55812206061422,0.0025759567440937067,-7.704428478697762e-06,0.01192679565519686,115.05106482982745,0.011141156648798889,-3.8081131161954655e-07,0.017579932439692494,150.36999763948654,0.011847245836807622,7.891385802360277e-07,0.021830243623364994,104.82099570540619,0.016203527234464957,1.6372213740728342e-06,0.006687503252818573,104.55482317382064,0.005585152368473297,4.854800505412993e-07,0.022588907656993215,103.9946419871644,0.02236179600555887,-4.9765719203954e-06,0.012717814566881758,79.74358317689145,0.012059529076831447,-2.9832778605768146e-06,0.020055216800385526,115.45997465218979,0.019781940520150882,3.092789564472139e-06
55,1080,1100,0.0031405539122788327,119.23803473034744,0.0024950950408957357,-1.3900289810477117e-06,0.011909555425959588,114.86025225790162,0.011194822897641546,9.455918317729011e-07,0.015136399105798667,147.32967239430567,0.010470185861192726,-3.2078892390030238e-06,0.02161568793075494,102.33184387026792,0.016114467505757166,8.652485252688932e-06,0.007433568855389813,124.50651603857038,0.005754652072580005,3.3825290037368124e-06,0.022493093018496106,105.80279288692282,0.022286347415230685,-3.162991154317988e-06,0.012630626424153626,82.1230313573849,0.012042989466370207,-4.610566154693376e-06,0.01994021608155062,115.47509547243308,0.01975335821885174,-1.0224660845347668e-06
56,1100,1120,0.0031232806838137456,119.63349181240933,0.0024769327734762755,8.150060814932258e-06,0.011894681095640918,116.41523375309231,0.01117321390907286,-4.810519106420776e-07,0.016830209429990493,152.88066276800606,0.01150607545364304,3.641184252234519e-06,0.02062467536827956,101.97996054816048,0.015592405169743894,1.0010440910847336e-06,0.007120619608604711,122.18473625267096,0.00576855714115545,1.4214021381753847e-05,0.022478095433944776,106.83491864650875,0.0222564818225134,3.776649719287935e-06,0.012638644160262648,80.18355648554972,0.012025719606908875,2.5013807886630037e-06,0.019928875758424863,118.23980956776231,0.019737521103831646,2.243301149475565e-06
57,1120,1140,0.0032805196653504214,122.116101924511,0.0025668258804844154,-5.566486933932651e-06,0.011953912467103386,115.57654723191277,0.011182104478856461,-5.175747352087384e-06,0.018486228831791192,151.44823657498793,0.012379398129839191,5.8393283498592535e-06,0.019094319354758922,96.16096904088606,0.014592106877109389,3.0226352578096923e-07,0.00691882441292202,106.24978549595464,0.005647606670637284,1.3669553156943537e-05,0.022664287837306802,101.59504191656443,0.02235137909072861,4.348497743880655e-06,0.013085288247035583,70.56988810575417,0.0120475251022434,-1.461920269245398e-06,0.020450654933138843,118.58570589918865,0.01989630273178479,-4.55083181033815e-06
58,1140,1160,0.003358890288132503,119.0197930932869,0.002651852799396442,2.2294820038919063e-06,0.011963117317319425,114.40760108868231,0.011172317439644218,1.294240721400171e-06,0.016585233150859975,147.45589795439813,0.011188975460609912,-1.3765634929965453e-06,0.018914714919021556,94.39221107498221,0.014566912873252858,2.685037329608534e-06,0.008620590725242412,135.8638148970258,0.0061813247538119445,-2.0993097989941696e-05,0.02255559679834851,103.24743062634424,0.02230171336562897,5.152355441499792e-07,0.013062439717952923,71.82430416235076,0.012042265708386277,1.8437294479747484e-06,0.02010682093404368,114.54291906767021,0.019810936733640407,1.9447249240773976e-06
59,1160,1180,0.0032713986098420467,119.90904032243316,0.002540393893190391,-1.7681803134971003e-06,0.01183366274274886,112.50336079996951,0.011119969803454437,-4.568304600667468e-06,0.01452292473147318,142.9468218507241,0.01004560970815962,-5.39345740737762e-07,0.020697448152697803,99.74791667752157,0.015540573261862218,-3.565761209834554e-06,0.006958049996360467,103.6283247027688,0.00571613970617431,1.0971713263306942e-05,0.02248387943593419,100.2877564685789,0.02225442851300377,-2.1547215077461963e-06,0.01305901900180047,70.18242686236886,0.012051124518562635,2.751560238505221e-06,0.0199715341521459,112.40389044866785,0.019748776462179866,8.102740273012958e-07
60,1180,1200,0.0031105466989805744,121.44682398330835,0.0024748550821885175,-5.126607021150789e-06,0.01186296469103534,111.035450354247,0.011142467116652108,3.935289969585182e-06,0.014631269215064621,145.75856641691877,0.010218944862225044,2.402101101274395e-06,0.021819552730912916,102.62258947969741,0.01624468218454697,1.0437327677905371e-06,0.00991902408905521,136.76736333728624,0.007003080830620186,1.8108168530009067e-06,0.022498706279645873,99.64715635532463,0.022231199745890575,2.312740446092772e-06,0.013087009582955925,70.97540178575726,0.012092531970142144,-2.1241401260429177e-06,0.01993490999249137,114.28270699676287,0.019734177570872705,5.478172108772667e-07
